Player,Pos,NBAID
A.C. Green,PF,920
A.J. Bramlett,C,1920
A.J. Guyton,PG,2062
A.J. Hammons,C,1627773
A.J. Price,"PG, SG",201985
Aaron Brooks,PG,201166
Aaron Gordon,"PF, SF",203932
Aaron Gray,C,201189
Aaron Harrison,SG,1626151
Aaron Henry,SF,-1
Aaron Holiday,PG,1628988
Aaron Jackson,PG,1628935
Aaron McKie,"PG, SF, SG, SG-SF",243
Aaron Miles,PG,101223
Aaron Nesmith,SF,-1
Aaron Wiggins,SG,-1
Aaron Williams,"C, PF",1425
Abdel Nader,SF,1627846
Acie Law,PG,201151
Adam Harrington,SG,2492
Adam Keefe,"C, PF",228
Adam Mokoka,"SF, SG",1629690
Adam Morrison,"PF, SF",200747
Ade Murkey,SG,-1
Admiral Schofield,"PF, SF",1629678
Adonal Foyle,C,1502
Adonis Jordan,PG,1817
Adonis Thomas,SF,203519
Adreian Payne,PF,203940
Adrian Caldwell,PF,154
Adrian Griffin,"SF, SG, SG-SF",1559
Ahmad Caver,PG,-1
Al Harrington,"C, PF, SF",1733
Al Horford,C,201143
Al Jefferson,"C, PF",2744
Al Thornton,"PF, SF, SF-PF",201154
Al-Farouq Aminu,"PF, SF",202329
Alan Anderson,"SF, SG",101187
Alan Henderson,"C, PF, SF",673
Alan Williams,"C, PF",1626210
Alando Tucker,"SF, SG",201169
Alec Burks,"SF, SF-SG, SG",202692
Alec Peters,PF,1628409
Aleem Ford,SF,-1
Aleksandar Radojević,C,1893
Aleksej Pokusevski,PF,-1
Alen Smailagić,"C, PF",1629346
Alex Acker,SG,101165
Alex Caruso,"PG, SG",1627936
Alex Garcia,SG,2682
Alex Kirk,C,203945
Alex Len,C,203458
Alex Poythress,PF,1627816
Alex Scales,SG,2637
Alex Stepheson,PF,1627293
Alexander Johnson,PF,200792
Alexey Shved,SG,203144
Alexis Ajinça,"C, PF",201582
Alfonzo McKinnie,SF,1628035
Alize Johnson,PF,1628993
Allan Houston,SG,275
Allan Ray,SG,200810
Allen Crabbe,"SF, SG, SG-SF",203459
Allen Iverson*,"PG, PG-SG, SG, SG-PG",947
Allonzo Trier,SG,1629019
Alonzo Gee,"SF, SG",202087
Alonzo Mourning*,"C, C-PF, PF",297
Alperen Şengün,C,-1
Alton Ford,PF,2228
Alton Lister,C,175
Alvin Jones,C,2264
Alvin Sims,SG,1591
Alvin Williams,"PG, SG",1541
Amal McCaskill,C,1043
Amar'e Stoudemire,"C, PF",2405
Amida Brimah,C,1628578
Amile Jefferson,PF,1628518
Amir Coffey,SG,1629599
Amir Johnson,"C, PF, SF",101161
Anderson Varejão,"C, PF",2760
Andrae Patterson,PF,1754
Andray Blatche,"C, PF",101154
Andre Barrett,PG,2857
Andre Brown,PF,2810
Andre Dawkins,SG,203958
Andre Drummond,C,203083
Andre Emmett,"SF, SG",2765
Andre Iguodala,"SF, SG",2738
Andre Ingram,SG,201281
Andre Miller,"PG, SG",1889
Andre Owens,PG,101261
Andre Roberson,"SF, SG",203460
Andrea Bargnani,"C, PF",200745
Andreas Glyniadakis,C,2601
Andrei Kirilenko,"PF, SF",1905
Andrew Bogut,"C, PF",101106
Andrew Bynum,C,101115
Andrew DeClercq,C,692
Andrew Gaze,SG,1845
Andrew Goudelock,"PG, SG",202726
Andrew Harrison,PG,1626150
Andrew Lang,C,457
Andrew Nicholson,PF,203094
Andrew White,SF,-1
Andrew Wiggins,"PF, SF",203952
Andris Biedriņš,C,2740
Andrés Nocioni,"PF, PF-SF, SF",2804
Andy Panko,SF,1950
Andy Rautins,SG,202360
Anfernee Hardaway,"SF, SG",358
Anfernee Simons,SG,1629014
Ansu Sesay,SF,1738
Antawn Jamison,"PF, SF",1712
Ante Žižić,C,1627790
Anthony Avent,PF,138
Anthony Bennett,PF,203461
Anthony Bowie,SG,194
Anthony Brown,SF,1626148
Anthony Carter,PG,1853
Anthony Davis,"C, PF",203076
Anthony Edwards,SG,-1
Anthony Gill,PF,-1
Anthony Goldwire,PG,924
Anthony Grundy,SG,101219
Anthony Johnson,"PG, SG",1533
Anthony Lamb,SF,-1
Anthony Mason,"C, PF, SF",193
Anthony Miller,PF,292
Anthony Morrow,SG,201627
Anthony Parker,"SF, SG",1515
Anthony Peeler,SG,324
Anthony Randolph,"C, C-PF, PF",201576
Anthony Roberson,PG,101194
Anthony Tolliver,"PF, SF",201229
Antoine Carr,"PF, SF",156
Antoine Rigaudeau,SG,2541
Antoine Walker,PF,952
Antoine Wright,"SF, SG",101120
Antonio Anderson,SF,202079
Antonio Blakeney,SG,1628469
Antonio Burks,PG,2766
Antonio Daniels,"PG, SG",1498
Antonio Davis,"C, PF, PF-C",213
Antonio Harvey,PF,176
Antonio Lang,"PF, SF",226
Antonio McDyess,"C, PF",686
Antonis Fotsis,PF,2238
Antonius Cleveland,SG,1628499
Anžejs Pasečņiks,C,-1
Archie Goodwin,"PG, SG",203462
Arinze Onuaku,"C, PF",202620
Armen Gilliam,PF,288
Armon Johnson,PG,202356
Armoni Brooks,"PG, SG, SG-PG",1629717
Arnett Moultrie,PF,203102
Arnoldas Kulboka,SF,-1
Aron Baynes,C,203382
Arron Afflalo,"SF, SG",201167
Art Long,PF,1609
Arvydas Macijauskas,SG,101178
Arvydas Sabonis*,C,717
Ashton Hagans,PG,-1
Austin Croshere,PF,1506
Austin Daye,SF,201948
Austin Reaves,SG,-1
Austin Rivers,"PG, PG-SG, SG",203085
Avery Bradley,"PG, SG",202340
Avery Johnson,PG,422
Awvee Storey,"SF, SG",2852
Axel Toupane,SF,1626253
Ayo Dosunmu,SG,-1
B.J. Armstrong,PG,769
B.J. Johnson,SF,1629168
Bam Adebayo,"C, PF",1628389
Baron Davis,PG,1884
Ben Bentil,PF,1627791
Ben Davis,PF,989
Ben Gordon,SG,2732
Ben Handlogten,C,1052
Ben Hansbrough,PG,203162
Ben McLemore,"SF, SG",203463
Ben Moore,PF,1628500
Ben Simmons,PG,1627732
Ben Uzoh,PG,202386
Ben Wallace*,"C, C-PF, PF",1112
Beno Udrih,"PG, SG, SG-PG",2757
Benoit Benjamin,C,104
Bernard James,C,203108
Bernard Robinson,"SF, SG, SG-SF",2774
Bill Curley,"PF, SF, SF-PF",223
Bill Wennington,C,82
Billy Garrett,SG,1628656
Billy Owens,"PF, PF-SF, SF",182
Billy Thomas,"SF, SG",2873
Bimbo Coles,PG,902
Bismack Biyombo,C,202687
Bison Dele,C,183
Blake Ahearn,PG,201336
Blake Griffin,PF,201933
Blue Edwards,"SF, SG",898
Bo Outlaw,"C, PF",448
Bob McCann,SF,737
Bob Sura,"PG, SG",682
Boban Marjanović,C,1626246
Bobby Brown,"PG, SG, SG-PG",201628
Bobby Hurley,PG,310
Bobby Jackson,"PG, SG, SG-PG",1517
Bobby Jones,SF,200784
Bobby Phills,SG,184
Bobby Portis,"C, PF",1626171
Bobby Simmons,"PF, SF, SG",2250
Bogdan Bogdanović,SG,203992
Bojan Bogdanović,"PF, SF",202711
Bol Bol,PF,1629626
Bones Hyland,PG,-1
Boniface N'Dong,C,101238
Bonzi Wells,"SF, SG",1719
Bonzie Colson,SF,1629045
Boris Diaw,"PF, SG",2564
Boštjan Nachbar,"PF, PF-SF, SF",2411
Bracey Wright,SG,101152
Brad Lohaus,PF,38
Brad Miller,"C, PF",1802
Brad Wanamaker,PG,202954
Bradley Beal,SG,203078
Brandan Wright,"C, PF",201148
Branden Dawson,PF,1626183
Brandin Knight,PG,2688
Brandon Armstrong,SG,2220
Brandon Bass,"C, PF",101138
Brandon Boston Jr.,SG,-1
Brandon Clarke,PF,1629634
Brandon Davies,PF,203561
Brandon Goodwin,PG,1629164
Brandon Hunter,PF,2599
Brandon Ingram,"PF, SF",1627742
Brandon Jennings,PG,201943
Brandon Knight,"PG, PG-SG, SG, SG-PG",202688
Brandon Paul,SG,203464
Brandon Roy,SG,200750
Brandon Rush,"SF, SG",201575
Brandon Sampson,SG,1629102
Brandon Williams,"PG, SF, SG",1585
Braxton Key,SF,-1
Brendan Haywood,C,2217
Brent Barry,"SF, SG",699
Brent Price,PG,85
Brevin Knight,PG,1510
Brian Bowen,SF,-1
Brian Cardinal,"PF, SF",2073
Brian Cook,"C, PF",2567
Brian Evans,SF,967
Brian Grant,"C, PF, SF",258
Brian Oliver,SG,1680
Brian Roberts,PG,203148
Brian Scalabrine,"C, PF",2243
Brian Shaw,"PG, SG",216
Brian Skinner,"C, C-PF, PF, PF-C",1730
Briante Weber,PG,1627362
Brice Johnson,PF,1627744
Britton Johnsen,"C, SF",2639
Brodric Thomas,SG,-1
Brook Lopez,C,201572
Brooks Thompson,PG,240
Bruce Bowen,SF,1477
Bruce Brown,"PG, SF, SG",1628971
Bruno Caboclo,"C, PF, SF",203998
Bruno Fernando,C,1628981
Bruno Šundov,C,1743
Bryant Reeves,C,735
Bryant Stith,SG,179
Bryce Cotton,PG,203955
Bryce Dejean-Jones,SG,1626214
Bryce Drew,PG,1724
Bryn Forbes,SG,1627854
Bryon Russell,"SF, SG",935
Bubba Wells,SG,1528
Buck Williams,PF,433
Buddy Hield,SG,1627741
Byron Mullens,"C, PF",201957
C.J. Miles,"PG, SF, SG",101139
C.J. Watson,PG,201228
C.J. Wilcox,SG,203912
C.J. Williams,SG,203710
CJ Elleby,SF,-1
CJ McCollum,SG,203468
Cade Cunningham,PG,-1
Cal Bowdler,"PF, SF",1898
Calbert Cheaney,"SF, SG",384
Caleb Martin,SF,1628997
Caleb Swanigan,"C, PF, PF-C",1628403
Calvin Booth,C,1916
Cam Reddish,SF,-1
Cam Thomas,SG,-1
Cameron Johnson,PF,1629661
Cameron McGriff,SF,-1
Cameron Oliver,SF,-1
Cameron Payne,"PG, SG",1626166
Cameron Reynolds,"SF, SG",1629244
Caris LeVert,"SF, SG",1627747
Carl Herrera,PF,61
Carl Landry,PF,201171
Carl Thomas,SG,1063
Carldell Johnson,PG,201291
Carlik Jones,PG,-1
Carlos Arroyo,PG,2306
Carlos Boozer,"C, PF",2430
Carlos Delfino,"SF, SG",2568
Carlos Rogers,"C, PF",435
Carmelo Anthony,"PF, SF",2546
Caron Butler,"SF, SF-SG, SG",2406
Carrick Felix,SG,203467
Carsen Edwards,SG,1629035
Cartier Martin,SF,201858
Casey Jacobsen,"SF, SG, SG-SF",2418
Casey Shaw,C,1745
Casper Ware,PG,203810
Cassius Stanley,SG,-1
Cassius Winston,PG,-1
Cat Barber,PG,-1
Cedi Osman,SF,1626224
Cedric Bozeman,SG,200841
Cedric Ceballos,SF,76
Cedric Henderson,SF,1538
Cedric Jackson,PG,202132
Cedric Simmons,PF,200759
Cezary Trybański,C,2456
Chandler Hutchison,SF,1628990
Chandler Parsons,"PF, SF",202718
Channing Frye,"C, PF, PF-C",101112
Charles Bassey,PF,-1
Charles Cooke,SG,1628429
Charles Jenkins,"PG, SG, SG-PG",202724
Charles Jones,"PF, PG, SG",77178
Charles O'Bannon,SG,1525
Charles Oakley,"C, PF",891
Charles Shackleford,C,1593
Charles Smith,SG,1520
Charlie Bell,SG,2294
Charlie Brown Jr.,SG,-1
Charlie Villanueva,PF,101111
Charlie Ward,PG,369
Chase Budinger,SF,201978
Chasson Randle,PG,1626184
Chauncey Billups,"PG, SG",1497
Chaundee Brown Jr.,"SF, SG, SG-SF",-1
Cheick Diallo,"C, PF",1627767
Cheikh Samb,C,200798
Cherokee Parks,"C, PF",685
Chimezie Metu,"C, PF",1629002
Chinanu Onuaku,C,1627778
Chris Andersen,"C, PF",2365
Chris Anstey,C,1512
Chris Babb,SG,203569
Chris Bosh*,"C, PF",2547
Chris Boucher,"C, PF",1628449
Chris Carr,"SF, SF-SG, SG",713
Chris Childs,PG,164
Chris Chiozza,PG,1629185
Chris Clemons,SG,1629598
Chris Copeland,"PF, SF",203142
Chris Crawford,PF,1544
Chris Douglas-Roberts,"SF, SG",201604
Chris Duarte,SG,-1
Chris Dudley,C,201
Chris Duhon,PG,2768
Chris Garner,PG,1612
Chris Gatling,"C, PF",423
Chris Herren,PG,1914
Chris Hunter,C,201805
Chris Jefferies,"SF, SF-SG, SG",2423
Chris Johnson,"C, SF",203187
Chris Kaman,C,2549
Chris King,SF,12
Chris McCray,SG,200840
Chris McCullough,PF,1626191
Chris Mihm,"C, C-PF, PF",2036
Chris Mills,"PF, SF",168
Chris Morris,SF,356
Chris Mullin*,"SF, SG",904
Chris Owens,SF,2442
Chris Paul,PG,101108
Chris Porter,SF,2084
Chris Quinn,"PG, SG",200809
Chris Richard,"C, PF",201181
Chris Robinson,SG,997
Chris Silva,PF,1629735
Chris Singleton,"PF, SF",202698
Chris Smith,PG,1814
Chris Taft,C,101147
Chris Webber*,"C, PF",185
Chris Whitney,PG,43
Chris Wilcox,"C, C-PF, PF",2404
Chris Wright,"SF, SG",203203
Christian Eyenga,SF,201963
Christian Laettner,"C, C-PF, PF",363
Christian Wood,"C, PF",1626174
Chuck Hayes,"C, PF",101236
Chuck Person,"PF, SF",456
Chucky Atkins,"PG, PG-SG",1088
Chucky Brown,"PF, SF",359
Chuma Okeke,PF,1629643
Clarence Weatherspoon,"PF, SF",-1
Cleanthony Early,SF,203921
Cliff Alexander,PF,1626146
Clifford Robinson,"C, C-PF, PF, SF",361
Clifford Rozier,C,32
Clint Capela,C,203991
Clyde Drexler*,SG,17
Coby Karl,"SF, SF-SG, SG",201207
Coby White,PG,1629632
Cody Martin,SF,1628998
Cody Zeller,C,203469
Cole Aldrich,C,202332
Cole Anthony,PG,-1
Collin Sexton,"PG, SG",1629012
Corey Beck,PG,1133
Corey Benjamin,SG,1736
Corey Brewer,"PF, SF, SF-SG, SG",201147
Corey Kispert,SF,-1
Corey Maggette,"PF, SF, SG",1894
Corie Blount,"C, PF, PF-C",916
Corliss Williamson,"PF, SF",722
Corsley Edwards,C,2451
Cory Alexander,"PG, SG",724
Cory Carr,SG,1757
Cory Higgins,"PG, SG",202809
Cory Jefferson,PF,203928
Cory Joseph,"PG, SG",202709
Coty Clarke,SF,1626262
Courtney Alexander,"PG, SG",2042
Courtney Fortson,PG,202622
Courtney Lee,SG,201584
Courtney Sims,C,201235
Craig Brackins,PF,202342
Craig Smith,PF,200783
Craig Sword,SG,-1
Cristiano Felício,C,1626245
Curtis Borchardt,C,2414
Cuttino Mobley,"PG, SG",1749
D'Angelo Russell,PG,1626156
D.J. Augustin,PG,201571
D.J. Kennedy,SF,202810
D.J. Mbenga,C,2788
D.J. Stephens,SG,203474
D.J. Strawberry,SG,201199
D.J. White,"C, C-PF, PF",201591
D.J. Wilson,PF,1628391
DaJuan Summers,"PF, SF",201969
DaQuan Jeffries,SG,1629610
Daequan Cook,"SF, SG",201161
Dahntay Jones,"SF, SG",2563
Dairis Bertāns,SG,1629541
Daishen Nix,SG,-1
Dajuan Wagner,SG,2402
Dakari Johnson,C,1626177
Dakota Mathias,SG,1629751
Dalano Banton,PG,-1
Dale Davis,"C, PF",905
Dale Ellis,"SF, SG",107
Damian Jones,C,1627745
Damian Lillard,PG,203081
Damien Inglis,SF,203996
Damien Wilkins,"SF, SG",2863
Damion James,SF,202345
Damion Lee,SG,1627814
Damir Markota,PF,200806
Damjan Rudež,SF,204014
Damon Jones,"PG, SG",1800
Damon Stoudamire,PG,757
Damone Brown,"PF, SF",2245
Damyean Dotson,SG,1628422
Dan Dickau,PG,2424
Dan Gadzuric,"C, C-PF, PF",2429
Dan Langhi,SF,2061
Dan Majerle,SG,105
Dan McClintock,C,2082
Dana Barros,PG,344
Daniel Ewing,"PG, SG",101137
Daniel Gafford,"C, PF, PF-C",1629655
Daniel Gibson,"PG, SG",200789
Daniel Hamilton,SG,1627772
Daniel Ochefu,C,1627849
Daniel Orton,"C, PF",202350
Daniel Oturu,C,-1
Daniel Santiago,C,2091
Daniel Theis,C,1628464
Danilo Gallinari,"PF, PF-SF, SF, SG",201568
Danny Ferry,"PF, SF",198
Danny Fortson,"C, PF",1504
Danny Granger,SF,101122
Danny Green,"SF, SG",201980
Danny Manning,PF,330
Danny Schayes,C,-1
Dante Cunningham,"PF, SF",201967
Dante Exum,"PG, SG",203957
Danuel House Jr.,"SF, SG",1627863
Darington Hobson,SG,202359
Dario Šarić,"C, PF",203967
Darius Bazley,PF,1629647
Darius Garland,"PG, SG",1629636
Darius Johnson-Odom,SG,203130
Darius Miles,SF,2032
Darius Miller,SF,203121
Darius Morris,PG,202721
Darius Songaila,"C, PF",2443
Darius Washington,SG,200827
Darko Miličić,"C, PF",2545
Darnell Jackson,PF,201616
Darrell Armstrong,PG,353
Darrell Arthur,"PF, SF",201589
Darren Collison,PG,201954
Darrick Martin,PG,239
Darrun Hilliard,SG,1626199
Darryl Watkins,C,201208
Darvin Ham,"SF, SG",1032
Daryl Macon,"PG, SG",1629133
David Andersen,"C, PF",2431
David Benoit,SF,128
David Duke Jr.,PG,-1
David Harrison,C,2758
David Johnson,SG,77139
David Lee,"C, PF, SF",101135
David Noel,PF,200786
David Nwaba,"SF, SG",1628021
David Robinson*,C,764
David Stockton,PG,204065
David Vanterpool,PG,2128
David Vaughn,PF,710
David Wear,PF,204033
David Wesley,"PG, SG",133
David West,"C, PF, SF",2561
David Wingate,SG,766
Davion Mitchell,PG,-1
Davon Reed,SG,1628432
Day'Ron Sharpe,PF,-1
De'Aaron Fox,PG,1628368
De'Andre Hunter,SF,1629631
De'Anthony Melton,"PG, SG",1629001
DeAndre Jordan,C,201599
DeAndre Liggins,"SF, SG",202732
DeAndre' Bembry,"SF, SG",1627761
DeJon Jarreau,SG,-1
DeJuan Blair,"C, PF",201971
DeJuan Wheat,PG,1545
DeMar DeRozan,"PF, SF, SG",201942
DeMarco Johnson,PF,1746
DeMarcus Cousins,C,202326
DeMarcus Nelson,PG,201634
DeMarre Carroll,"C, PF, SF, SF-C, SF-PF",201960
DeQuan Jones,SF,203199
DeSagana Diop,"C, PF",2205
DeShawn Stevenson,"SF, SG, SG-SF",2052
DeVaughn Akoon-Purcell,SG,1629152
Dean Garrett,C,1051
Dean Oliver,PG,2352
Dean Wade,PF,1629731
Deandre Ayton,C,1629028
Dedric Willoughby,PG,2000
Dee Brown,"PG, SG",200793
Deividas Sirvydis,SG,1629686
Dejounte Murray,PG,1627749
Dell Curry,SG,209
Delon Wright,"PG, SG, SG-PG",1626153
Delonte West,"PG, SG",2753
Demetris Nichols,SF,201193
Demetrius Jackson,PG,1627743
Deng Adel,SF,1629061
Deng Gai,C,101184
Dennis Horner,PF,202862
Dennis Rodman*,PF,23
Dennis Schröder,"PG, SG, SG-PG",203471
Dennis Scott,SF,192
Dennis Smith Jr.,PG,1628372
Denzel Valentine,"SF, SG",1627756
Deonte Burton,"SF, SG",1629126
DerMarr Johnson,"SF, SG",2035
Derek Anderson,"PG, SF, SG",1507
Derek Fisher,"PG, SG, SG-PG",965
Derek Grimm,SF,1575
Derek Harper,"PG, SG",157
Derek Hood,PF,1967
Derek Strong,PF,400
Deron Williams,PG,101114
Derrick Brown,SF,201974
Derrick Byars,PF,201182
Derrick Caracter,C,202382
Derrick Coleman,"C, PF",934
Derrick Dial,SG,1760
Derrick Favors,"C, PF",202324
Derrick Jones Jr.,"PF, SF",1627884
Derrick McKey,SF,365
Derrick Rose,PG,201565
Derrick Walton,PG,-1
Derrick White,"PG, SG",1628401
Derrick Williams,"PF, SF, SF-PF",202682
Derrick Zimmerman,PG,2583
Desmon Farmer,SG,2824
Desmond Bane,"SF, SG",-1
Desmond Ferguson,SF,2724
Desmond Mason,"SF, SG",2046
Desmond Penigar,PF,2667
Detlef Schrempf,SF,96
Devean George,SF,1904
Devin Booker,SG,1626164
Devin Brown,SG,2484
Devin Cannady,PG,-1
Devin Ebanks,"SF, SG",202365
Devin Gray,SF,1070
Devin Green,SG,101209
Devin Harris,"PG, SG",2734
Devin Robinson,SF,1628421
Devin Vassell,SF,-1
Devon Dotson,PG,-1
Devon Hall,PG,1628985
Devontae Cacok,"C, PF",1629719
Devonte' Graham,PG,1628984
Devyn Marble,SG,203906
Dewan Hernandez,C,1629608
Dewayne Dedmon,C,203473
Dexter Pittman,C,202354
Deyonta Davis,C,1627738
Diamond Stone,C,1627754
Diante Garrett,PG,203197
Dickey Simpkins,"C, PF",54
Didi Louzada,"SF, SG, SG-SF",-1
Dijon Thompson,"SF, SG",101159
Dikembe Mutombo*,C,87
Dillon Brooks,"SF, SG",1628415
Dion Glover,SG,1901
Dion Waiters,SG,203079
Dionte Christmas,SF,202091
Dirk Nowitzki,"C, PF",1717
Domantas Sabonis,"C, C-PF, PF",1627734
Dominic McGuire,"PF, SF, SG",201187
Dominique Jones,"PG, SG",202346
Dominique Wilkins*,SF,1122
Don MacLean,"PF, SF",931
Don Reid,PF,690
Donald Royal,SF,140
Donald Sloan,"PG, SG, SG-PG",202388
Donald Whiteside,PG,1126
Donatas Motiejūnas,PF,202700
Donell Taylor,SG,101182
Donnell Harvey,"PF, SF",2051
Donny Marshall,SF,681
Donovan Mitchell,"PG, SG",1628378
Donta Hall,"C, C-PF, PF",-1
Donta Smith,SG,2764
Dontae' Jones,SF,963
Donte DiVincenzo,SG,1628978
Donte Grantham,SF,1629055
Dontell Jefferson,SG,200971
Dontonio Wingfield,SF,112
Donté Greene,"PF, SF",201590
Donyell Marshall,"PF, SF",923
Dorell Wright,SF,2748
Dorian Finney-Smith,"PF, SF",1627827
Doron Lamb,SG,203117
Doug Christie,SG,57
Doug McDermott,"PF, SF",203926
Doug Overton,PG,77
Doug West,SG,28
Dragan Bender,"C, PF, PF-C",1627733
Dragan Tarlać,C,1434
Draymond Green,"PF, SF",203110
Drew Barry,PG,1003
Drew Eubanks,"C, PF",1629234
Drew Gooden,"C, C-PF, PF, SF, SF-PF",2400
Drew Gordon,PF,204079
Duane Causwell,C,190
Duane Ferrell,SF,273
Duane Washington Jr.,PG,-1
Duje Dukan,SF,1626251
Duncan Robinson,"SF, SG",1629130
Dusty Hannahs,SG,1628605
Dwayne Bacon,SG,1628407
Dwayne Jones,PF,101204
Dwayne Schintzius,C,368
Dwight Buycks,PG,202779
Dwight Howard,"C, PF",2730
Dwight Powell,"C, PF",203939
Dwyane Wade,"PG, SG",2548
Dylan Windler,SF,1629685
Dāvis Bertāns,PF,202722
Džanan Musa,"SF, SG",1629058
E'Twaun Moore,"PG, SG",202734
Earl Barron,C,2853
Earl Boykins,"PG, SG",1863
Earl Clark,"PF, SF",201947
Earl Watson,PG,2248
Ed Davis,"C, C-PF, PF",202334
Ed Gray,SG,1516
Ed Stokes,C,1055
Eddie Basden,SF,101188
Eddie Gill,PG,2109
Eddie Griffin,"C, PF",2204
Eddie House,"PG, PG-SG, SG",2067
Eddie Johnson,SF,698
Eddie Jones,"SF, SF-SG, SG",224
Eddie Robinson,SF,1944
Eddy Curry,"C, PF",2201
Edmond Sumner,"PG, SG",1628410
Eduardo Nájera,"PF, SF",2059
Edwin Ubiles,SF,202775
Edy Tavares,C,204002
Efthimios Rentzias,C,981
Ekpe Udoh,"C, PF",202327
Elden Campbell,"C, PF",922
Eldridge Recasner,"PG, PG-SG, SG",695
Elfrid Payton,PG,203901
Elias Harris,SF,203548
Elie Okobo,PG,1629059
Elijah Bryant,SG,-1
Elijah Hughes,"SF, SG, SG-SF",-1
Elijah Millsap,SG,202407
Elliot Perry,PG,386
Elliot Williams,"PG, SG",202343
Elton Brand,"C, PF",1882
Emanual Davis,"PG, SG",1023
Emanuel Terry,PF,1629150
Emeka Okafor,"C, PF",2731
Emmanuel Mudiay,PG,1626144
Enes Freedom,C,-1
Eric Bledsoe,"PG, SG",202339
Eric Dawson,C,201286
Eric Gordon,"SF, SG",201569
Eric Maynor,"PG, PG-SG, SG",201953
Eric Mika,C,1628450
Eric Montross,C,376
Eric Moreland,PF,203961
Eric Murdock,PG,785
Eric Paschall,PF,1629672
Eric Piatkowski,"SF, SG",15
Eric Riley,C,35
Eric Snow,"PG, SG",727
Eric Washington,SG,1540
Eric Williams,"SF, SG",677
Erick Barkley,PG,2057
Erick Dampier,C,956
Erick Green,PG,203475
Erick Strickland,"PG, SG",1065
Erik Daniels,SF,2845
Erik McCree,SF,1628571
Erik Murphy,C,203513
Ernest Brown,C,2081
Ersan İlyasova,PF,101141
Ervin Johnson,C,911
Esteban Batista,PF,101212
Etan Thomas,"C, PF",2041
Etdrick Bohannon,"PF, SF",1564
Eugene Jeter,PG,-1
Eugene Omoruyi,SF,-1
Evan Eschmeyer,C,1915
Evan Fournier,"SF, SF-SG, SG",203095
Evan Mobley,PF,-1
Evan Turner,"PG, SF, SG",202323
Fab Melo,C,203097
Fabricio Oberto,C,101177
Facundo Campazzo,PG,-1
Felipe López,"PG, SG, SG-PG",1732
Felton Spencer,C,280
Feron Hunt,SF,-1
Festus Ezeli,C,203105
Francisco Elson,C,1922
Francisco García,"SF, SG, SG-SF",101128
Frank Jackson,PG,1628402
Frank Kaminsky,"C, PF",1626163
Frank Mason III,PG,-1
Frank Ntilikina,PG,1628373
Frank Williams,"PG, SG",2421
Franz Wagner,SF,-1
Fred Hoiberg,SG,697
Fred Jones,"SF, SG",2410
Fred VanVleet,"PG, SG",1627832
Fred Vinson,SG,1844
Freddie Gillespie,PF,-1
Furkan Aldemir,PF,203128
Furkan Korkmaz,SG,1627788
Gabe Pruitt,"PG, SG",201172
Gabe Vincent,PG,-1
Gabe York,SG,-1
Gabriel Deck,PF,-1
Gabriel Lundberg,SG,-1
Gal Mekel,PG,203539
Gani Lawal,PF,202371
Garret Siler,C,202081
Garrett Temple,"PG, PG-SG, SF, SG",202066
Garrison Mathews,SG,1629726
Garth Joseph,C,2123
Gary Clark,"PF, PF-SF, SF, SF-PF",1629109
Gary Forbes,"SF, SG",201814
Gary Grant,PG,202
Gary Harris,SG,203914
Gary Neal,SG,202390
Gary Payton II,"PG, SF",1627780
Gary Payton*,PG,56
Gary Trent,"C, PF, SF",718
Gary Trent Jr.,"SF, SG",1629018
Geno Carlisle,SG,2367
George Hill,"PG, SG",201588
George King,SF,77268
George Lynch,"SF, SG",248
George McCloud,SF,45
George Zídek,C,678
Georges Niang,PF,1627777
Georgios Kalaitzakis,SF,-1
Georgios Papagiannis,C,1627834
Gerald Brown,SG,1871
Gerald Fitch,PG,2809
Gerald Green,"SF, SG",101123
Gerald Henderson,SG,76993
Gerald Madkins,SG,1666
Gerald Wallace,"PF, SF, SF-PF",2222
Gerald Wilkins,SG,786
Gerard King,SF,1562
Gheorghe Mureșan,C,49
Gian Clavell,SG,1628492
Giannis Antetokounmpo,"PF, SF, SG",203507
Gigi Datome,SF,203540
Gilbert Arenas,PG,2240
Glen Davis,"C, PF",201175
Glen Rice,SF,779
Glen Rice Jr.,SG,-1
Glenn Robinson,SF,299
Glenn Robinson III,"SF, SG, SG-SF",203922
God Shammgod,PG,1539
Goga Bitadze,C,1629048
Goran Dragić,"PG, SG, SG-PG",201609
Gordan Giriček,"SF, SF-SG, SG, SG-SF",1921
Gordon Hayward,"PF, SF",202330
Gorgui Dieng,"C, PF",203476
Grant Hill*,"SF, SG",255
Grant Jerrett,PF,203511
Grant Long,PF,3
Grant Riller,PG,-1
Grant Williams,PF,1629684
Grayson Allen,SG,1628960
Greg Anderson,C,246
Greg Anthony,PG,21
Greg Brown III,SF,-1
Greg Buckner,"SF, SG",1761
Greg Foster,"C, PF",323
Greg Graham,SG,37
Greg Minor,SG,65
Greg Monroe,"C, PF",202328
Greg Oden,C,201141
Greg Ostertag,C,731
Greg Smith,"C, PF",78190
Greg Stiemsma,C,201880
Greg Whittington,PF,-1
Greivis Vásquez,PG,202349
Guerschon Yabusele,PF,1627824
Guillermo Díaz,SG,200799
Gustavo Ayón,"C, PF",202970
Guy Rucker,PF,2462
Ha Seung-Jin,C,-1
Hakeem Olajuwon*,C,165
Hakim Warrick,PF,101124
Hamady N'Diaye,C,202380
Hamed Haddadi,C,201632
Hamidou Diallo,"SF, SG, SG-SF",1628977
Hanno Möttölä,"C, SF",2069
Harold Ellis,SF,1677
Harold Jamison,PF,1942
Harrison Barnes,"PF, PF-SF, SF",203084
Harry Giles,"C, PF",-1
Harvey Grant,"PF, SF",265
Hasheem Thabeet,C,201934
Hassan Adams,SG,200801
Hassan Whiteside,C,202355
Hassani Gravett,PG,1629755
Haywood Highsmith,SF,1629312
Haywoode Workman,PG,906
Hedo Türkoğlu,"PF, SF, SF-PF",2045
Henry Ellenson,"C, PF",1627740
Henry James,PF,1080
Henry Sims,C,203156
Henry Walker,"SF, SG, SG-SF",201611
Herb Williams,"C, PF",1006
Herbert Jones,PF,-1
Hersey Hawkins,SG,765
Hilton Armstrong,"C, PF-C",200756
Hiram Fuller,PF,2673
Hollis Thompson,"SF, SG",203138
Horace Grant,"C, PF",270
Horace Jenkins,PG,2798
Horacio Llamas,C,1024
Hot Rod Williams,C,73
Howard Eisley,"PG, SG",458
Hubert Davis,"PG, SG",93
Ian Clark,SG,203546
Ian Mahinmi,C,101133
Ibo Kutluay,SG,-1
Ignas Brazdeikis,SF,1629649
Igor Rakočević,PG,2080
Ike Anigbogu,C,1628387
Ike Diogu,PF,101113
Iman Shumpert,"PG, SF, SG",202697
Ime Udoka,"PF, SF, SG",2137
Immanuel Quickley,PG,-1
Ira Bowman,"PG, SG",1085
Ira Newble,"SF, SG, SG-SF",1956
Isaac Austin,C,-1
Isaac Bonga,"PG, SF",1629067
Isaac Fontaine,SG,-1
Isaac Humphries,C,1629353
Isaac Okoro,"SF, SG",-1
Isaiah Briscoe,PG,1628515
Isaiah Canaan,"PG, PG-SG, SG",203477
Isaiah Hartenstein,"C, PF",1628392
Isaiah Hicks,PF,1628439
Isaiah Jackson,PF,-1
Isaiah Joe,SG,-1
Isaiah Livers,SF,-1
Isaiah Rider,SG,375
Isaiah Roby,PF,1629676
Isaiah Stewart,C,-1
Isaiah Taylor,PG,1627819
Isaiah Thomas,"PG, SG",202738
Isaiah Todd,PF,-1
Isaiah Whitehead,PG,1627785
Ish Smith,PG,202397
Ish Wainright,PF,-1
Ivan Johnson,PF,201274
Ivan McFarlin,PF,200829
Ivan Rabb,PF,1628397
Ivano Newbill,PF,1096
Ivica Zubac,C,1627826
J.J. Barea,"PG, SG",200826
J.J. Hickson,"C, PF",201581
J.J. O'Brien,SF,1626266
J.J. Redick,"PG, SG",200755
J.P. Macura,SG,1629122
J.R. Bremer,PG,2452
J.R. Giddens,SF,201592
J.R. Henderson,SF,1764
J.R. Reid,PF,462
J.R. Smith,"SF, SG",2747
JT Thor,PF,-1
Ja Morant,PG,1629630
JaJuan Johnson,PF,202707
JaKarr Sampson,"PF, SF",203960
JaMychal Green,PF,203210
JaQuori McLaughlin,PG,-1
JaVale McGee,C,201580
Jabari Bird,SG,1628444
Jabari Brown,SG,203913
Jabari Parker,PF,203953
Jabari Smith,"C, PF",2074
Jack Cooley,"C, PF",204022
Jack Haley,C,917
Jackie Butler,C,2866
Jackson Vroman,"C, C-PF, PF",2761
Jacob Evans,SG,1628980
Jacob Pullen,PG,1626643
Jacob Wiley,PF,1628451
Jacque Vaughn,"PG, SG",1521
Jaden McDaniels,PF,-1
Jaden Springer,SG,-1
Jae Crowder,"PF, SF, SF-PF",203109
Jae'Sean Tate,SF,-1
Jahidi White,"C, PF",1751
Jahlil Okafor,C,1626143
Jahmi'us Ramsey,SG,-1
Jaime Echenique,C,-1
Jake Layman,SF,1627774
Jake Tsakalidis,C,2054
Jake Voskuhl,C,2063
Jakob Poeltl,C,1627751
Jalen Brunson,PG,1628973
Jalen Green,SG,-1
Jalen Harris,SG,-1
Jalen Johnson,PF,-1
Jalen Jones,SF,1627883
Jalen Lecque,"PG, SG",1629665
Jalen McDaniels,SF,1629667
Jalen Rose,"PG, PG-SF, SF, SF-SG, SG",147
Jalen Smith,PF,-1
Jalen Suggs,PG,-1
Jamaal Franklin,SG,203479
Jamaal Magloire,C,2048
Jamaal Tinsley,PG,2224
Jamal Crawford,"PG, PG-SG, SG",2037
Jamal Mashburn,SF,469
Jamal Murray,"PG, SG",1627750
Jamal Robinson,SF,1554
Jamal Sampson,"C, PF",2441
Jamario Moon,SF,200081
Jameel Warney,PF,1627866
Jameer Nelson,PG,2749
Jamel Thomas,SF,1975
James Anderson,"SF, SG, SG-SF",202341
James Augustine,PF,200788
James Bouknight,SG,-1
James Collins,SG,1530
James Cotton,SG,1526
James Ennis III,"SF, SF-SG, SG",203516
James Harden,"PG, PG-SG, SG",201935
James Johnson,"C, PF, PF-C, SF",201949
James Jones,"SF, SG",2592
James Lang,C,2591
James Michael McAdoo,PF,203949
James Nunnally,SF,203263
James Posey,"PF, SF, SG",1899
James Robinson,PG,381
James Singleton,"PF, PF-SF, SF",101189
James Southerland,SF,203480
James Thomas,PF,2839
James Webb III,SF,1627821
James White,"SF, SG",200778
James Wiseman,C,-1
James Young,SG,203923
JamesOn Curry,PG,201191
Jamie Feick,"C, PF, PF-C",994
Jamie Watson,SF,320
Jamil Wilson,SF,203966
Jamison Brewer,"PG, SG",2249
Jamorko Pickett,PF,-1
Jan Veselý,PF,202686
Jannero Pargo,"PG, SG",2457
Jared Butler,SG,-1
Jared Cunningham,SG,203099
Jared Dudley,"PF, SF, SG",201162
Jared Harper,PG,1629607
Jared Jeffries,"PF, PF-SF, SF",2407
Jared Reiner,C,2876
Jared Sullinger,PF,203096
Jared Terrell,SG,1629123
Jarell Eddie,SF,204067
Jarell Martin,PF,1626185
Jaren Jackson,SG,1114
Jaren Jackson Jr.,"C, PF",1628991
Jarnell Stokes,"C, PF",203950
Jaron Blossomgame,SF,1628417
Jarred Vanderbilt,PF,1629020
Jarrell Brantley,PF,1629714
Jarrett Allen,C,1628386
Jarrett Culver,SG,1629633
Jarrett Jack,"PG, SG, SG-PG",101127
Jarrod Uthoff,PF,1627784
Jarron Collins,C,2260
Jarron Cumberland,SG,-1
Jarvis Hayes,"SF, SG",2553
Jarvis Varnado,PF,202363
Jason Caffey,PF,679
Jason Collier,C,2044
Jason Collins,"C, PF",2215
Jason Hart,PG,2078
Jason Kapono,"SF, SG",2574
Jason Kidd*,"PG, SG",467
Jason Lawson,C,1535
Jason Maxiell,"C, PF",101131
Jason Miskiri,PG,1954
Jason Richardson,"SF, SG",2202
Jason Sasser,SF,987
Jason Smith,"C, PF, PF-C",201160
Jason Terry,"PG, SG",1891
Jason Thompson,"C, PF",201574
Jason Williams,PG,1715
Javaris Crittenton,"PG, PG-SG, SG",201159
Javin DeLaurier,C,-1
Javonte Green,"SF, SF-SG, SG",1629750
Javonte Smart,PG,-1
Jawad Williams,"PG, SF",101214
Jawun Evans,PG,1628393
Jaxson Hayes,C,1629637
Jay Huff,C,-1
Jay Scrubb,SG,-1
Jay Williams,PG,2398
Jaylen Adams,PG,1629121
Jaylen Brown,"SF, SG",1627759
Jaylen Hoard,"PF, SF",1629658
Jaylen Morris,SG,1628537
Jaylen Nowell,SG,1629669
Jaysean Paige,PG,-1
Jayson Tatum,"PF, SF",1628369
Jayson Williams,C,420
Jeff Adrien,PF,202399
Jeff Ayres,"C, PF",201965
Jeff Dowtin,PG,-1
Jeff Foote,C,202880
Jeff Foster,C,1902
Jeff Grayer,SG,81
Jeff Green,"C, PF, PF-C, PF-SF, SF",201145
Jeff Hornacek,SG,204
Jeff McInnis,"PG, SG, SG-PG",976
Jeff Nordgaard,PF,999
Jeff Sheppard,SG,1852
Jeff Taylor,SF,78299
Jeff Teague,PG,201952
Jeff Trepagnier,SG,2244
Jeff Withey,C,203481
Jelani McCoy,C,1741
Jemerrio Jones,SF,1629203
Jerald Honeycutt,PF,1532
Jerami Grant,"PF, SF",203924
Jerel McNeal,PG,202077
Jeremiah Martin,PG,1629725
Jeremiah Robinson-Earl,C,-1
Jeremy Evans,"PF, SF",202379
Jeremy Lamb,"SF, SF-SG, SG",203087
Jeremy Lin,"PG, SG",202391
Jeremy Pargo,"PG, PG-SG, SG",202951
Jeremy Richardson,"SF, SF-SG, SG, SG-SF",200978
Jeremy Tyler,C,202719
Jerian Grant,"PG, SG",1626170
Jericho Sims,PF,-1
Jermaine Jackson,"PG, SG",1983
Jermaine O'Neal,"C, PF",979
Jermaine Taylor,SG,201966
Jermareo Davidson,SF,201176
Jerome Beasley,PF,2602
Jerome Dyson,PG,202406
Jerome James,C,1744
Jerome Jordan,C,202366
Jerome Kersey,SF,760
Jerome Robinson,SG,1629010
Jerome Williams,"PF, SF",966
Jerrelle Benimon,PF,203968
Jerry Smith,PG,202536
Jerry Stackhouse,"SF, SG, SG-SF",711
Jerryd Bayless,"PG, SG",201573
Jeryl Sasser,SG,2219
Jevon Carter,PG,1628975
Jim Jackson,"SF, SG",754
Jim McIlvaine,C,29
Jimmer Fredette,"PG, SG",202690
Jimmy Butler,"SF, SF-SG, SG",202710
Jimmy Oliver,SG,1429
Jiří Welsch,"SF, SG, SG-SF",2412
Joakim Noah,C,201149
Jock Landale,C,-1
Jodie Meeks,SG,201975
Joe Alexander,SF,201570
Joe Chealey,PG,1629147
Joe Crawford,SF,201621
Joe Crispin,PG,2343
Joe Dumars*,SG,247
Joe Harris,"SF, SG",203925
Joe Ingles,"PF, SF",204060
Joe Johnson,"SF, SG",2207
Joe Kleine,C,170
Joe Smith,"C, PF, SF",693
Joe Stephens,SF,1086
Joe Wieskamp,SG,-1
Joe Wolf,PF,341
Joe Young,PG,1626202
Joel Anthony,"C, PF",201202
Joel Bolomboy,PF,1627762
Joel Embiid,C,203954
Joel Freeland,"C, PF",200777
Joel Przybilla,C,2038
Joey Dorsey,"C, PF",201595
Joey Graham,SF,101121
Joffrey Lauvergne,"C, PF, PF-C",203530
Johan Petro,C,101130
John Amaechi,"C, PF",680
John Celestand,PG,1911
John Coker,C,715
John Collins,PF,1628381
John Crotty,PG,180
John Edwards,C,2823
John Henson,"C, PF",203089
John Holland,SF,204066
John Jenkins,SG,203098
John Konchar,SG,1629723
John Lucas III,PG,101249
John Salley,C,927
John Salmons,"PG, SF, SG, SG-SF",2422
John Starks,SG,317
John Stockton*,PG,304
John Thomas,"C, PF",1519
John Wall,PG,202322
John Wallace,SF,961
Johnathan Motley,PF,1628405
Johnathan Williams,"C, PF",1629140
Johnny Newman,"SF, SG",271
Johnny O'Bryant,PF,-1
Johnny Taylor,SF,1511
Jon Barry,SG,468
Jon Brockman,"C, PF",201972
Jon Leuer,"C, PF, PF-C",202720
Jon Teske,C,-1
Jonah Bolden,"C, PF",1628413
Jonas Jerebko,PF,201973
Jonas Valančiūnas,C,202685
Jonathan Bender,SF,1886
Jonathan Gibson,PG,1626780
Jonathan Isaac,PF,1628371
Jonathan Kerner,C,1801
Jonathan Kuminga,SF,-1
Jonathon Simmons,"SF, SG, SG-SF",203613
Jonny Flynn,PG,201938
Jontay Porter,PF,-1
Jordan Adams,SG,203919
Jordan Bell,C,1628395
Jordan Bone,PG,1629648
Jordan Clarkson,"PG, SG",203903
Jordan Crawford,"PG, SG, SG-PG",202348
Jordan Farmar,PG,200770
Jordan Goodwin,SG,-1
Jordan Hamilton,SF,202706
Jordan Hill,"C, PF",201941
Jordan Loyd,PG,1628070
Jordan McLaughlin,PG,1629162
Jordan McRae,"PG, SG",203895
Jordan Mickey,PF,1626175
Jordan Nwora,SF,-1
Jordan Poole,SG,1629673
Jordan Schakel,SG,-1
Jordan Sibert,SG,1626296
Jordan Williams,C,202716
Jorge Garbajosa,PF,200816
Jorge Gutiérrez,PG,203268
Jose Alvarado,PG,-1
Joseph Forte,SG,2218
Josh Akognon,PG,203006
Josh Boone,"C, PF",200767
Josh Childress,"SF, SG",2735
Josh Christopher,SG,-1
Josh Davis,PF,2668
Josh Giddey,SG,-1
Josh Gray,PG,1627982
Josh Green,SG,-1
Josh Hall,SF,-1
Josh Harrellson,"C, PF",202725
Josh Hart,"SF, SG, SG-SF",1628404
Josh Howard,SF,2572
Josh Huestis,PF,203962
Josh Jackson,"SF, SG",1628367
Josh Magette,PG,203705
Josh McRoberts,"C, PF",201177
Josh Okogie,SG,1629006
Josh Powell,"C, PF",2694
Josh Reaves,SF,1629729
Josh Richardson,"SF, SG",1626196
Josh Selby,PG,202729
Josh Smith,"PF, SF",2746
Joshua Primo,SG,-1
José Calderón,"PG, SG",101181
Jrue Holiday,"PG, SG",201950
Juan Carlos Navarro,SG,2434
Juan Dixon,"PG, SG",2413
Juan Toscano-Anderson,"SF, SG",1629308
Juancho Hernangómez,PF,1627823
Juaquin Hawkins,SG,1038
Jud Buechler,SF,146
Julian Washburn,SF,1627395
Julian Wright,SF,201153
Julius Hodge,SG,101125
Julius Randle,"C, PF",203944
Julyan Stone,"PG, SG",202933
Jumaine Jones,"PF, SF, SG",1908
Junior Harrington,"PG, SG",2454
Justin Anderson,"SF, SG",1626147
Justin Champagnie,SF,-1
Justin Dentmon,PG,202458
Justin Hamilton,C,203120
Justin Harper,PF,202712
Justin Holiday,"SF, SF-SG, SG",203200
Justin Jackson,"PF, SF",1628382
Justin James,SF,1629713
Justin Patton,C,1628383
Justin Reed,"PF, SF",2770
Justin Robinson,PG,1629620
Justin Williams,C,200818
Justin Wright-Foreman,PG,1629625
Justise Winslow,"PF, SF, SG",1626159
Jusuf Nurkić,C,203994
Juwan Howard,"C, PF, SF, SF-PF",436
Juwan Morgan,PF,1629752
Jérôme Moïso,"C, C-PF, PF",2040
K.J. McDaniels,"SF, SG",203909
KZ Okpala,PF,1629644
Kadeem Allen,PG,1628443
Kai Jones,C,-1
Kalin Lucas,PG,203564
Kaniel Dickens,"PF, SF",2079
Kareem Rush,"PG, SG",2416
Karim Mané,PG,-1
Karl Malone*,PF,252
Karl-Anthony Towns,C,1626157
Kasib Powell,SF,2867
Kawhi Leonard,SF,202695
Kay Felder,PG,1627770
Kebu Stewart,PF,1529
Kedrick Brown,SF,2208
Keifer Sykes,PG,-1
Keita Bates-Diop,"PF, PF-SF, SF",1628966
Keith Askins,SF,173
Keith Benson,C,202728
Keith Bogans,"SF, SG, SG-SF",2586
Keith Booth,SF,1522
Keith Closs,C,1569
Keith Langford,SG,101247
Keith McLeod,PG,2693
Keith Van Horn,"PF, SF, SF-PF",1496
Kelan Martin,SF,1629103
Keldon Johnson,SF,1629640
Kelenna Azubuike,"SF, SG",101235
Keljin Blevins,SF,1629833
Kelly McCarty,SG,1820
Kelly Olynyk,"C, C-PF, PF",203482
Kelly Oubre Jr.,SF,1626162
Kelvin Cato,"C, PF",1509
Kemba Walker,PG,202689
Ken Johnson,C,2256
Kendall Gill,"SF, SG",383
Kendall Marshall,PG,203088
Kendrick Nunn,PG,1629134
Kendrick Perkins,C,2570
Kenneth Faried,"C, PF",202702
Kenny Anderson,PG,72
Kenny Satterfield,PG,2261
Kenny Thomas,PF,1903
Kenrich Williams,"PF, SF",1629026
Kent Bazemore,"SF, SG",203145
Kentavious Caldwell-Pope,SG,203484
Kenyon Martin,"C, PF",2030
Kenyon Martin Jr.,SF,-1
Keon Clark,"C, PF",1721
Keon Johnson,SG,-1
Kerry Kittles,SG,954
Kessler Edwards,SF,-1
Kevin Burleson,PG,101207
Kevin Durant,"PF, SF, SG",201142
Kevin Edwards,SG,236
Kevin Garnett*,"C, PF",708
Kevin Hervey,PF,-1
Kevin Huerter,SG,1628989
Kevin Johnson,PG,134
Kevin Jones,PF,203158
Kevin Knox,"PF, SF",1628995
Kevin Love,"C, PF",201567
Kevin Martin,"PG, SG",2755
Kevin Murphy,SG,203122
Kevin Ollie,"PG, SG",1563
Kevin Pangos,PG,-1
Kevin Porter Jr.,"PG, SF, SG",1629645
Kevin Salvadori,C,1089
Kevin Séraphin,"C, PF",202338
Kevin Willis,"C, PF",788
Kevinn Pinkney,PF,200838
Kevon Looney,"C, PF",1626172
Keyon Dooling,"PG, SG",2039
Khalid El-Amin,PG,2064
Khalid Reeves,PG,234
Khem Birch,C,203920
Khris Middleton,"SF, SG",203114
Khyri Thomas,SG,1629017
Killian Hayes,PG,-1
Killian Tillie,C,-1
Kim English,SG,203119
Kira Lewis Jr.,PG,-1
Kirk Haston,"PF, SF",2213
Kirk Hinrich,"PG, SG, SG-PG",2550
Kirk Penney,SG,2632
Kirk Snyder,"PF, SF, SF-PF, SG",2745
Kiwane Lemorris Garris,SG,-1
Klay Thompson,SG,202691
Kobe Bryant*,"SF, SG",977
Kobi Simmons,PG,1628424
Korleone Young,SF,1748
Kornél Dávid,SF,1600
Kosta Koufos,C,201585
Kosta Perović,C,200785
Kostas Antetokounmpo,PF,1628961
Kostas Papanikolaou,SF,203123
Kris Dunn,PG,1627739
Kris Humphries,"PF, SF",2743
Kris Joseph,SF,203126
Kristaps Porziņģis,"C, PF",204001
Kurt Thomas,"C, C-PF, PF",703
Kwame Brown,"C, PF",2198
Ky Bowman,PG,1629065
Kyle Alexander,C,1629734
Kyle Anderson,"PF, SF",203937
Kyle Collinsworth,SF,1627858
Kyle Guy,"PG, SG",1629657
Kyle Korver,"PF, SF, SG, SG-PF",2594
Kyle Kuzma,"PF, SF",1628398
Kyle Lowry,PG,200768
Kyle O'Quinn,"C, PF",203124
Kyle Singler,SF,202713
Kyle Weaver,SG,201602
Kyle Wiltjer,PF,1627787
Kyrie Irving,PG,202681
Kyrylo Fesenko,C,201178
LaMarcus Aldridge,"C, PF",200746
LaMelo Ball,PG,-1
LaPhonso Ellis,"PF, SF",111
Lamar Odom,"PF, SF",1885
Lamar Patterson,SG,203934
Lamar Stevens,PF,-1
Lamond Murray,SF,441
Lance Allred,C,200984
Lance Stephenson,"SF, SG, SG-SF",202362
Lance Thomas,"PF, PF-SF, SF",202498
Landry Fields,"SF, SG",202361
Landry Shamet,SG,1629013
Langston Galloway,"PG, SG",204038
Lari Ketner,PF,1930
Laron Profit,"PG, SF, SG",1919
Larry Drew II,PG,203580
Larry Hughes,"PG, PG-SG, SF, SF-SG, SG",1716
Larry Johnson,"PF, SF",913
Larry Nance Jr.,"C, PF",1626204
Larry Owens,SF,202082
Larry Robinson,"PG, PG-SG, SF, SG",1683
Larry Sanders,"C, PF",202336
Latrell Sprewell,"SF, SG",84
Lauri Markkanen,PF,1628374
Lavor Postell,SG,2068
Lavoy Allen,"C, PF",202730
Lawrence Funderburke,PF,1444
Lawrence Moten,SG,734
Lawrence Roberts,"C, PF",101160
Lazar Hayward,SF,202351
Lazaro Borrell,SF,1953
LeBron James,"PF, PG, SF, SG",2544
Leandro Barbosa,"PG, SG",2571
Leandro Bolmaro,SF,-1
Ledell Eackles,SG,289
Lee Mayberry,PG,195
Lee Nailon,"PF, PF-SF, SF",1924
Leon Powe,"C, C-PF, PF, SF",200796
Leon Smith,C,1910
Lester Hudson,"PG, SG",201991
Linas Kleiza,"PF, SF",101132
Lindell Wigginton,PG,1629623
Lindsey Hunter,"PG, SG",283
Lindy Waters III,SG,-1
Linton Johnson,"PF, SF",2669
Lionel Chalmers,PG,2763
Litterial Green,PG,1036
Lloyd Daniels,SG,1380
London Perrantes,PG,1628506
Lonnie Walker IV,SG,1629022
Lonny Baxter,"C, C-PF, PF",2437
Lonzo Ball,PG,1628366
Loren Meyer,C,684
Loren Woods,C,2254
Lorenzen Wright,C,953
Lorenzo Brown,PG,203485
Lorenzo Williams,PF,31
Lou Amundson,PF,200811
Lou Williams,"PG, SG",101150
Louis King,SF,-1
Loy Vaught,PF,919
Luc Longley,C,26
Luc Mbah a Moute,"PF, PF-SF, SF",201601
Lucas Nogueira,C,203512
Lucious Harris,"PG, SG",446
Luguentz Dort,"SF, SG",1629652
Luis Flores,PG,2784
Luis Montero,SG,1626242
Luis Scola,PF,2449
Luka Dončić,"PG, SG",1629029
Luka Garza,C,-1
Luka Šamanić,PF,1629677
Luke Babbitt,"PF, SF",202337
Luke Harangody,PF,202376
Luke Jackson,SF,2739
Luke Kennard,SG,1628379
Luke Kornet,"C, C-PF, PF",1628436
Luke Ridnour,"PG, SG",2557
Luke Schenscher,C,101195
Luke Walton,"PF, PF-SF, SF",2575
Luke Zeller,C,202545
Luol Deng,"PF, SF",2736
Luther Head,"PG, PG-SG, SG",101129
Lynn Greer,SG,2696
M.J. Walker,SG,-1
Maalik Wayns,PG,203146
Mac McClung,"PG, SG, SG-PG",-1
Maceo Baston,PF,1766
Maciej Lampe,C,2573
Mahmoud Abdul-Rauf,PG,51
Makhtar N'Diaye,PF,1626122
Malachi Flynn,PG,-1
Malachi Richardson,SG,1627781
Malcolm Brogdon,"PG, SG",1627763
Malcolm Delaney,PG,1627098
Malcolm Hill,"SF, SF-SG, SG",-1
Malcolm Lee,SG,202723
Malcolm Miller,SF,1626259
Malcolm Thomas,PF,202952
Malik Allen,PF,2124
Malik Beasley,SG,1627736
Malik Fitts,PF,-1
Malik Hairston,SG,201612
Malik Monk,SG,1628370
Malik Newman,"PG, SG",-1
Malik Rose,PF,990
Malik Sealy,SF,907
Mamadi Diakite,PF,-1
Mamadou N'Diaye,C,2055
Mangok Mathiang,C,1628493
Manny Harris,SG,202412
Manu Ginóbili*,SG,1938
MarShon Brooks,SG,202705
Marc Gasol,C,201188
Marc Jackson,"C, PF",1531
Marcelo Huertas,PG,1626273
Marcin Gortat,"C, PF",101162
Marco Belinelli,"SF, SG",201158
Marcus Banks,PG,2556
Marcus Brown,SG,992
Marcus Camby,"C, PF, PF-C",948
Marcus Cousin,C,202408
Marcus Derrickson,PF,1629094
Marcus Fizer,"PF, SF",2033
Marcus Garrett,SG,-1
Marcus Georges-Hunt,SG,1627875
Marcus Haislip,"PF, SF",2409
Marcus Landry,SF,202068
Marcus Morris,"PF, PF-SF, SF, SF-PF",202694
Marcus Paige,PG,1627779
Marcus Smart,"PG, SG",203935
Marcus Thornton,SG,201977
Marcus Vinicius,SF,200790
Marcus Williams,"PF, PF-SF, PG, SF",200766
Mardy Collins,"PG, PG-SG, SF, SG",200776
Marial Shayok,SG,1629621
Mario Bennett,PF,712
Mario Chalmers,PG,201596
Mario Elie,"SF, SG",53
Mario Hezonja,"PF, SF",1626209
Mario Kasun,C,2435
Mario West,SG,201238
Mark Baker,PG,1858
Mark Blount,C,1548
Mark Bryant,"C, PF",95
Mark Davis,SF,707
Mark Hendrickson,PF,971
Mark Jackson,PG,349
Mark Jones,SF,2891
Mark Macon,SG,1855
Mark Madsen,"C, PF",2058
Mark Pope,"PF, SF",998
Mark Price,PG,899
Mark Strickland,"PF, SF",1110
Mark West,C,770
Markel Brown,SG,203900
Markelle Fultz,"PG, SG",1628365
Markieff Morris,PF,202693
Marko Guduric,SG,1629741
Marko Jarić,"PG, SF, SG",2060
Marko Milič,"SF, SG",1527
Marko Simonovic,C,-1
Markus Howard,SG,-1
Marlon Garnett,PG,1831
Marques Bolden,C,-1
Marquese Chriss,PF,1627737
Marquis Daniels,"SF, SG",2605
Marquis Teague,"PG, SG",203104
Marreese Speights,"C, PF",201578
Marshall Plumlee,C,1627850
Martell Webster,SF,101110
Martin Müürsepp,PF,982
Marty Conlon,C,55
Martynas Andriuškevičius,C,101149
Marvin Bagley III,PF,1628963
Marvin Williams,"PF, SF",101107
Mason Jones,SG,-1
Mason Plumlee,C,203486
Mateen Cleaves,PG,2043
Matisse Thybulle,SG,1629680
Matt Barnes,"PF, PF-SF, SF",2440
Matt Bonner,"C, PF",2588
Matt Bullard,"PF, SF",672
Matt Carroll,SG,2679
Matt Costello,C,1627856
Matt Freije,PF,2782
Matt Geiger,C,761
Matt Harpring,"SF, SG",1723
Matt Maloney,PG,1074
Matt Mooney,SG,1629760
Matt Ryan,SF,-1
Matt Thomas,SG,1629744
Matt Walsh,SG,101190
Matt Williams,SG,-1
Matthew Dellavedova,"PG, SG",203521
Maurice Ager,SG,200772
Maurice Carter,SG,2466
Maurice Evans,"SF, SG",2230
Maurice Harkless,"PF, PF-SF, SF",203090
Maurice Ndour,PF,1626254
Maurice Taylor,"C, PF, PF-C, SF",1508
Max Strus,SF,1629622
Maxi Kleber,PF,1628467
McKinley Wright IV,PG,-1
Mehmet Okur,"C, PF",2246
Melvin Ely,"C, PF, PF-C",2408
Melvin Frazier,SG,-1
Melvin Sanders,SG,2684
Mengke Bateer,C,2370
Metta World Peace,SF,1897
Meyers Leonard,"C, PF",203086
Mfiondu Kabengele,"C, PF",1629662
Micah Potter,C,-1
Michael Beasley,"PF, SF",201563
Michael Bradley,"C, C-PF, PF",2214
Michael Cage,C,262
Michael Carter-Williams,"PG, SG",203487
Michael Curry,"SF, SG",688
Michael Dickerson,SG,1722
Michael Doleac,C,1720
Michael Finley,"SF, SG",714
Michael Frazier,SG,1626187
Michael Gbinije,SG,1627771
Michael Hawkins,PG,1138
Michael Jordan*,"SF, SG",893
Michael Kidd-Gilchrist,"PF, SF",203077
Michael McDonald,C,1075
Michael Olowokandi,C,1709
Michael Porter Jr.,SF,1629008
Michael Redd,"SF, SG",2072
Michael Ruffin,"C, PF",1913
Michael Smith,"PF, SF",63
Michael Stewart,"C, C-PF, PF",1565
Micheal Williams,PG,52
Mickaël Gelabale,"SF, SG",101153
Mickaël Piétrus,"PG, SF, SG, SG-SF",2554
Mickell Gladness,PF,202148
Mikal Bridges,SF,1628969
Mike Bibby,PG,1710
Mike Conley,PG,201144
Mike Dunleavy,"PF, SF, SG, SG-PF",76616
Mike Hall,SF,200837
Mike Harris,PF,200839
Mike James,PG,2229
Mike Miller,"SF, SG",2034
Mike Muscala,"C, PF",203488
Mike Penberthy,PG,2130
Mike Scott,PF,203118
Mike Smith,SF,2065
Mike Sweetney,"C, PF",-1
Mike Taylor,PG,201446
Mike Tobey,C,1627861
Mike Wilks,"PG, PG-SG, SG",2366
Mikki Moore,"C, PF, PF-C",1630
Mile Ilić,C,101148
Miles Bridges,"PF, SF",1628970
Miles McBride,PG,-1
Miles Plumlee,C,203101
Miles Simon,SG,1750
Miloš Teodosić,PG,1628462
Milt Palacio,"PG, PG-SG, SG",1960
Milton Doyle,SG,1628495
Mindaugas Kuzminskas,SF,1627851
Miroslav Raduljica,C,203545
Mirsad Türkcan,PF,1726
Mirza Teletović,"PF, SF",203141
Mitch Creek,SF,-1
Mitch McGary,PF,203956
Mitch Richmond*,SG,782
Mitchell Butler,SG,348
Mitchell Robinson,C,1629011
Miye Oni,"SF, SG",1629671
Mo Bamba,C,1628964
Mo Williams,"PG, SG",2590
Monta Ellis,SG,101145
Monte Morris,PG,1628420
Montrezl Harrell,"C, PF",1626149
Monty Williams,SF,42
Moochie Norris,PG,983
Mookie Blaylock,PG,302
Moritz Wagner,C,1629021
Morris Almond,SG,201165
Morris Peterson,"SF, SG",2050
Moses Brown,C,1629650
Moses Moody,SG,-1
Moses Wright,PF,-1
Mouhamed Sene,C,200754
Muggsy Bogues,PG,177
Mustafa Shakur,PG,201203
Mychal Mulder,"PG, SF",1628539
Mychel Thompson,SG,202814
Myke Henry,SF,1627988
Myles Powell,PG,-1
Myles Turner,C,1626167
Naji Marshall,SF,-1
Nando De Colo,"SF, SG",201986
Nassir Little,"PF, SF",1629642
Nate Darling,SG,-1
Nate Hinton,SG,-1
Nate Huffman,C,1572
Nate McMillan,SG,203
Nate Robinson,PG,101126
Nate Wolters,PG,203489
Nathan Jawai,"C, PF",201605
Nathan Knight,PF,-1
Naz Mitrou-Long,SG,1628513
Naz Reid,C,-1
Nazr Mohammed,C,1737
Ndudi Ebi,"SF, SG",2569
Neemias Queta,C,-1
Negele Knight,PG,1861
Nemanja Bjelica,"C, PF",202357
Nemanja Nedović,SG,203517
Nenad Krstić,"C, PF",2420
Nenê,"C, PF",2403
Nerlens Noel,C,203457
Nic Claxton,C,-1
Nick Anderson,"SF, SG",98
Nick Calathes,SG,201979
Nick Collison,"C, PF",2555
Nick Fazekas,PF,201174
Nick Johnson,SG,203910
Nick Richards,"C, PF",-1
Nick Van Exel,"PG, PG-SG, SG",89
Nick Young,SG,201156
Nickeil Alexander-Walker,SG,1629638
Nico Mannion,PG,-1
Nicolas Batum,"PF, SF, SG",201587
Nicolás Brussino,"SF, SG",1627852
Nicolás Laprovíttola,PG,1627879
Nicolò Melli,"C, PF",6006
Nigel Hayes,SF,1628502
Nigel Williams-Goss,PG,1628430
Nik Stauskas,SG,203917
Nikola Jokić,C,203999
Nikola Mirotić,PF,202703
Nikola Peković,C,201593
Nikola Vučević,C,202696
Nikoloz Tskitishvili,"PF, SF, SF-PF",2401
Noah Vonleh,"C, PF",203943
Noel Felix,SF,101230
Nolan Smith,PG,202701
Norm Richardson,SG,-1
Norman Powell,"SF, SF-SG, SG, SG-SF",1626181
Norris Cole,PG,202708
Norvel Pelle,C,203658
O.J. Mayo,SG,201564
OG Anunoby,SF,1628384
Obi Toppin,PF,-1
Obinna Ekezie,"C, PF",1918
Ognjen Kuzmić,C,203136
Okaro White,PF,1627855
Olden Polynice,C,178
Oleksiy Pecherov,C,200762
Oliver Lafayette,SG,201802
Oliver Miller,C,932
Olivier Sarr,C,-1
Olumide Oyedeji,C,2071
Omar Cook,PG,2241
Omari Johnson,PF,204179
Omari Spellman,"C, PF",1629016
Omer Yurtseven,C,-1
Omri Casspi,"PF, SF",201956
Onyeka Okongwu,C,-1
Orien Greene,"PG, SG",101158
Orlando Johnson,SG,203111
Oshae Brissett,SF,1629052
Othella Harrington,"C, PF",970
Othello Hunter,"PF, SF",201629
Othyus Jeffers,SG,201785
Otis Thorpe,PF,901
Otto Porter Jr.,"PF, SF, SF-PF",203490
P.J. Brown,"C, PF",136
P.J. Hairston,"SF, SG",203798
P.J. Tucker,"PF, SF, SG",200782
P.J. Washington,PF,1629023
PJ Dozier,"PG, SG",1628408
Pablo Prigioni,PG,203143
Pape Sow,C,2776
Pape Sy,SF,202377
Paris Bass,SF,-1
Pascal Siakam,PF,1627783
Pat Burke,C,2469
Pat Connaughton,SG,1626192
Pat Garrity,"PF, SF",1727
Patricio Garino,SG,1627868
Patrick Beverley,"PG, SG",201976
Patrick Christopher,SG,203565
Patrick Ewing,SF,201607
Patrick Ewing*,C,201607
Patrick McCaw,"SF, SG",1627775
Patrick O'Bryant,C,200753
Patrick Patterson,PF,202335
Patrick Williams,PF,-1
Patty Mills,PG,201988
Pau Gasol,"C, PF",2200
Paul Davis,"C, PF",200781
Paul George,"SF, SG",202331
Paul Grant,C,1514
Paul McPherson,PG,2101
Paul Millsap,PF,200794
Paul Pierce*,"SF, SG",1718
Paul Reed,"C, PF",-1
Paul Shirley,PF,2321
Paul Watson,SF,-1
Paul Zipser,SF,1627835
Pavel Podkolzin,C,2750
Payton Pritchard,SG,-1
Peja Stojaković,SF,978
Pepe Sánchez,PG,2143
Perry Jones,"PF, SF",-1
Pervis Ellison,"C, PF",442
Pete Chilcutt,PF,432
Pete Myers,SG,939
Peter Aluma,C,1824
Peter John Ramos,C,2762
Petr Cornelie,PF,-1
Peyton Siva,SG,203491
Phil Pressey,PG,203515
Pierre Jackson,PG,203510
Pooh Richardson,PG,71
Popeye Jones,PF,461
Pops Mensah-Bonsu,PF,200822
Precious Achiuwa,"C, PF",-1
Predrag Drobnjak,C,1542
Predrag Savović,SG,2453
Priest Lauderdale,C,968
Primož Brezec,C,2056
Quentin Grimes,SG,-1
Quentin Richardson,"SF, SG",2047
Quincy Acy,"PF, SF",203112
Quincy Douby,PG,200763
Quincy Lewis,"SF, SG",1900
Quincy Miller,PF,203113
Quincy Pondexter,"SF, SF-SG, SG",202347
Quinn Cook,PG,1626188
Quinndary Weatherspoon,SG,1629683
Quinton Ross,"SF, SF-SG, SG",2624
Qyntel Woods,"PF, SF",2417
R.J. Hampton,"PG, SG, SG-PG",-1
R.J. Hunter,SG,1626154
RJ Barrett,"SF, SG",1629628
RJ Nembhard Jr.,SG,-1
Raef LaFrentz,"C, PF",1711
Rafael Araújo,C,2737
Rafer Alston,PG,1747
Raja Bell,SG,1952
Rajon Rondo,PG,200765
Rakeem Christmas,PF,1626176
Ramon Sessions,"PG, SG",201196
Randell Jackson,PF,1872
Randolph Morris,"C, PF",201043
Randy Brown,PG,753
Randy Foye,"PG, SG",200751
Randy Holcomb,SF,2450
Randy Livingston,PG,988
Rashad McCants,SG,101119
Rashad Vaughn,SG,1626173
Rashard Lewis,"PF, SF, SF-PF",1740
Rasheed Wallace,"C, PF",739
Rasho Nesterović,C,1725
Rasual Butler,"SF, SG",2446
Ratko Varda,C,2237
Raul Neto,PG,203526
Rawle Alkins,SG,1628959
Rawle Marshall,"SF, SG",101185
Ray Allen*,SG,951
Ray McCallum,PG,203492
Ray Spalding,"C, PF",1629034
Rayjon Tucker,"PG, SG",-1
Raymond Felton,"PG, PG-SG, SG",101109
Raül López,PG,2221
Reece Gaines,PG,2558
Reggie Bullock,"SF, SG",203493
Reggie Evans,PF,2501
Reggie Geary,PG,1002
Reggie Hanson,SF,1682
Reggie Hearn,SG,203687
Reggie Jackson,"PG, SG, SG-PG",202704
Reggie Jordan,"PG, SG",674
Reggie Miller*,SG,397
Reggie Perry,PF,-1
Reggie Slater,PF,1073
Reggie Williams,SF,199
Renaldo Balkman,"PF, SF",200764
Renaldo Major,PF,200970
Rex Chapman,SG,364
Rex Walters,"PG, SG",777
Richard Hamilton,"SF, SG",1888
Richard Jefferson,SF,2210
Richaun Holmes,"C, PF",1626158
Richie Frahm,"SF, SG",2499
Rick Brunson,PG,1594
Rick Fox,SF,296
Rick Hughes,PF,1965
Rick Mahorn,"C, PF",328
Ricky Davis,"SF, SF-SG, SG, SG-SF",1729
Ricky Ledo,SG,203495
Ricky Pierce,SG,894
Ricky Rubio,PG,201937
Rik Smits,C,22
Rob Edwards,SG,-1
Rob Kurz,PF,201633
Robbie Hummel,SF,203133
Robert Archibald,"C, C-PF, PF",2425
Robert Covington,"C, PF, PF-C, PF-SF, SF",203496
Robert Franks,PF,1629606
Robert Hite,SG,200823
Robert Horry,PF,109
Robert Pack,PG,123
Robert Sacre,C,203135
Robert Swift,C,2741
Robert Traylor,"C, PF",1714
Robert Whaley,C,101156
Robert Williams,C,-1
Robert Woodard II,SF,-1
Robin Lopez,C,201577
Rod Strickland,PG,393
Rodions Kurucs,"PF, SF, SF-PF",1629066
Rodney Buford,"SF, SG",1934
Rodney Carney,"SF, SG",200760
Rodney Hood,"SF, SF-SG, SG",203918
Rodney McGruder,SG,203585
Rodney Purvis,SG,1628681
Rodney Rogers,"PF, SF, SF-PF",915
Rodney Stuckey,"PG, SG",201155
Rodney White,"SF, SG",2206
Rodrick Rhodes,"SF, SG, SG-SF",1518
Rodrigue Beaubois,PG,201958
Roger Mason,"PG, SF, SG",-1
Roger Powell,SF,101232
Roko Ukić,PG,101146
Romeo Langford,SG,1629641
Ron Baker,SG,1627758
Ron Harper,"PG, SG",166
Ron Mercer,"SF, SG",1500
Ronald Dupree,SF,2648
Ronald Murray,"PG, SG",-1
Rondae Hollis-Jefferson,"PF, SF",1626178
Ronnie Brewer,"SF, SG",200758
Ronnie Price,"PG, SG",101179
Ronny Turiaf,C,101142
Rony Seikaly,C,938
Roshown McLeod,SF,1728
Roy Hibbert,C,201579
Roy Rogers,PF,964
Royal Ivey,"PG, SG",2767
Royce O'Neale,SF,1626220
Royce White,PF,203091
Ruben Boumtje-Boumtje,C,2257
Ruben Patterson,"SF, SF-SG, SG",1739
Rubén Garcés,PF,2092
Rubén Wolkowyski,PF,2106
Rudy Fernández,SG,201164
Rudy Gay,"PF, SF",200752
Rudy Gobert,C,203497
Rui Hachimura,PF,1629060
Russ Smith,PG,203893
Russell Westbrook,PG,201566
Rusty LaRue,PG,1601
Ryan Anderson,"C, PF",201583
Ryan Arcidiacono,PG,1627853
Ryan Bowen,"PF, SF, SG",1763
Ryan Broekhoff,"SF, SG",1629151
Ryan Gomes,"PF, SF",101155
Ryan Hollins,"C, PF",200797
Ryan Humphrey,"PF, SF",2415
Ryan Kelly,PF,203527
Ryan Reid,PF,202385
Ryan Robertson,SG,1926
Ryan Stack,PF,1756
Saben Lee,PG,-1
Saddiq Bey,SF,-1
Salah Mejri,C,1626257
Salim Stoudamire,"PG, SG",101136
Sam Cassell,PG,208
Sam Dekker,PF,1626155
Sam Hauser,SF,-1
Sam Jacobson,PG,1734
Sam Mack,SF,694
Sam Merrill,SG,-1
Sam Mitchell,SF,417
Sam Perkins,PF,64
Sam Young,"SF, SG",201970
Samaki Walker,"C, PF",955
Samardo Samuels,"C, PF",202396
Samuel Dalembert,C,2223
Sandro Mamukelashvili,PF,-1
Santi Aldama,PF,-1
Sasha Kaun,C,201619
Sasha Pavlović,"SF, SG, SG-SF",2562
Sasha Vujačić,"PG, SG",2756
Scot Pollard,C,1513
Scott Brooks,PG,418
Scott Burrell,SF,197
Scott Machado,PG,203159
Scott Padgett,PF,1909
Scott Williams,"C, PF",281
Scottie Barnes,PF,-1
Scottie Lewis,SG,-1
Scottie Pippen*,SF,937
Scotty Hopson,SG,203816
Sean Colson,PG,2173
Sean Elliott,SF,251
Sean Higgins,SF,925
Sean Kilpatrick,SG,203930
Sean Lampley,SF,2253
Sean Marks,"C, PF",1752
Sean May,"C, PF",101118
Sean McDermott,SF,-1
Sean Rooks,C,399
Sean Singletary,PG,201606
Sean Williams,"C, PF",201157
Sebastian Telfair,PG,2742
Sekou Doumbouya,PF,1629635
Semaj Christon,PG,203902
Semi Ojeleye,PF,1628400
Semih Erden,C,201623
Serge Ibaka,"C, C-PF, PF",201586
Sergei Monia,SF,2752
Sergey Karasev,"SF, SG",203508
Sergio Rodríguez,PG,200771
Seth Curry,"PG, SG",203552
Shabazz Muhammad,"SF, SF-SG, SG",203498
Shabazz Napier,PG,203894
Shai Gilgeous-Alexander,"PG, SG",1628983
Shake Milton,"PG, SG",1629003
Shammond Williams,"PG, SG, SG-PG",1742
Shamorie Ponds,PG,1629044
Shandon Anderson,"SF, SF-SG, SG",1000
Shane Battier,"SF, SG",2203
Shane Edwards,SF,202197
Shane Heal,PG,1049
Shane Larkin,PG,203499
Shannon Brown,SG,200769
Shaq Buchanan,PG,-1
Shaquille Harrison,"PG, SG",1627885
Shaquille O'Neal*,C,406
Shareef Abdur-Rahim,"C, PF, SF",949
Sharife Cooper,PG,-1
Sharone Wright,C,412
Sharrod Ford,PF,101213
Shaun Livingston,"PG, SG",2733
Shavlik Randolph,PF,101183
Shawn Bradley,C,762
Shawn Kemp,"C, PF",431
Shawn Long,C,1627848
Shawn Marion,"PF, SF",1890
Shawn Respert,SG,704
Shawne Williams,"PF, SF, SG",200761
Shawnelle Scott,C,1035
Shayne Whittington,PF,203963
Shea Seals,SG,1578
Shelden Williams,"C, PF",200749
Sheldon Mac,SG,1627815
Shelvin Mack,"PG, PG-SG, SG",202714
Sherman Douglas,PG,428
Sherron Collins,PG,202395
Sim Bhullar,C,204021
Sindarius Thornwell,"SF, SG",1628414
Skal Labissière,"C, PF",1627746
Skylar Mays,SG,-1
Slavko Vraneš,C,2582
Smush Parker,PG,2470
Solomon Alabi,C,202374
Solomon Hill,"PF, SF",203524
Solomon Jones,"C, C-PF, PF",200780
Sonny Weems,"SF, SG, SG-SF",201603
Soumaila Samake,C,2066
Speedy Claxton,PG,2049
Spencer Dinwiddie,"PG, SG",203915
Spencer Hawes,"C, PF",201150
Spud Webb,PG,892
Stacey Augmon,"SF, SG",278
Stanislav Medvedenko,"C, PF",-1
Stanley Johnson,"PF, SF",1626169
Stanley Roberts,C,914
Stanton Kidd,SG,1629742
Stephen Curry,PG,201939
Stephen Graham,"SF, SG",101211
Stephen Howard,SF,1128
Stephen Jackson,"PF, SF, SF-SG, SG, SG-PF",1536
Stephen Zimmerman,C,1627757
Stephon Marbury,PG,950
Sterling Brown,"SF, SG",1628425
Steve Blake,PG,2581
Steve Francis,"PG, PG-SG, SG",1883
Steve Goodrich,"PF, SF",1864
Steve Henson,PG,1667
Steve Kerr,PG,70
Steve Nash*,PG,959
Steve Novak,"PF, SF, SF-PF",200779
Steve Smith,SG,-1
Steven Adams,C,203500
Steven Hill,PF,201631
Steven Hunter,"C, PF",2212
Steven Smith,PF,120
Stojko Vranković,C,1037
Stromile Swift,"C, PF",2031
Stéphane Lasme,"PF, PF-SF, SF",201186
Sun Yue,SG,-1
Sundiata Gaines,"PG, SG",202178
Svi Mykhailiuk,"SF, SF-SG, SG",1629004
T.J. Ford,PG,2551
T.J. Leaf,PF,1628388
T.J. McConnell,PG,204456
T.J. Warren,SF,203933
Tacko Fall,C,1629605
Tahjere McCall,SG,1628769
Taj Gibson,"C, PF",201959
Talen Horton-Tucker,SG,1629659
Tamar Slay,SG,2447
Tang Hamilton,SF,2347
Tarence Kinsey,SG,200814
Tarik Black,C,204028
Tariq Abdul-Wahad,SG,1505
Tariq Owens,PF,1629745
Taurean Green,"PG, SG, SG-PG",201192
Taurean Prince,"PF, SF",1627752
Taylor Griffin,SF,201981
Tayshaun Prince,SF,2419
Terance Mann,"SF, SG",1629611
Terence Davis,SG,1629056
Terence Morris,SF,2242
Terrance Ferguson,"SF, SG",1628390
Terrance Roberson,SF,2121
Terrel Harris,SG,202227
Terrell Brandon,PG,210
Terrence Jones,PF,203093
Terrence Ross,"SF, SG",203082
Terrence Williams,"SF, SG",201944
Terry Cummings,PF,187
Terry Davis,"C, PF",426
Terry Dehere,"PG, SG, SG-PG",143
Terry Mills,PF,371
Terry Porter,PG,345
Terry Rozier,"PG, SG",1626179
Terry Taylor,SG,-1
Thabo Sefolosha,"PF, SF, SF-SG, SG",200757
Thaddeus Young,PF,201152
Thanasis Antetokounmpo,SF,203648
Theo Pinson,"SF, SG",1629033
Theo Ratliff,"C, C-PF, PF",689
Theron Smith,SF,2604
Thomas Bryant,C,1628418
Thomas Gardner,SG,201242
Thomas Hamilton,C,676
Thomas Robinson,PF,203080
Thomas Welsh,C,1629118
Thon Maker,"C, C-PF, PF",1627748
Thurl Bailey,PF,1847
Théo Maledon,PG,-1
Tiago Splitter,"C, PF",201168
Tibor Pleiß,C,-1
Tierre Brown,"PG, SG",2357
Tim Breaux,SF,160
Tim Duncan*,"C, PF",1495
Tim Frazier,PG,204025
Tim Hardaway Jr.,SG,203501
Tim Hardaway*,PG,896
Tim James,SF,1906
Tim Kempton,PF,1118
Tim Legler,SG,100
Tim Ohlbrecht,C,203317
Tim Quarterman,SG,1627817
Tim Thomas,"PF, PF-SF, SF",1501
Tim Young,C,1937
Timofey Mozgov,C,202389
Timothé Luwawu-Cabarrot,SF,1627789
Tito Maddox,SG,2432
Tobias Harris,"PF, SF, SF-PF",202699
Toby Bailey,SG,1753
Todd Day,SG,103
Todd Fuller,C,957
Todd MacCulloch,C,1928
Tom Chambers,PF,1472
Tom Gugliotta,"PF, SF",339
Tom Hammonds,PF,67
Tomáš Satoranský,"PG, SG",203107
Toney Douglas,"PG, SG",201962
Toni Kukoč*,"PF, SF",389
Tony Allen,"PG, SF, SG",2754
Tony Battie,"C, PF",1499
Tony Bobbitt,SG,2800
Tony Bradley,C,1628396
Tony Delk,"PG, PG-SG, SG",960
Tony Dumas,SG,434
Tony Farmer,"C, PF",1108
Tony Massenburg,"C, PF",763
Tony Mitchell,"PF, SF",203183
Tony Parker,PG,2225
Tony Smith,"PG, SG",380
Tony Snell,"SF, SG",203503
Tony Wroten,"PG, SG",203100
Tornike Shengelia,SF,203129
Torraye Braggs,PF,1765
Torrey Craig,SF,1628470
Toure' Murry,"PG, SG, SG-PG",203315
Tracy McGrady*,"SF, SG",1503
Tracy Murray,SF,145
Trae Young,PG,1629027
Trajan Langdon,SG,1892
Travis Best,PG,696
Travis Diener,PG,101143
Travis Hansen,SF,2580
Travis Knight,C,969
Travis Leslie,SG,202727
Travis Outlaw,"PF, SF",2566
Travis Wear,SF,204037
Travis Williams,SF,1576
Trayvon Palmer,SG,-1
Tre Jones,PG,-1
Tre Mann,PG,-1
Tre Scott,SF,-1
Tremaine Fowlkes,SF,1762
Tremont Waters,PG,1629682
Trendon Watford,SF,-1
Trent Forrest,PG,-1
Trenton Hassell,"SF, SG",2239
Trevelin Queen,SG,-1
Treveon Graham,"SF, SG",1626203
Trevon Duval,PG,1628979
Trevor Ariza,"SF, SG",2772
Trevor Booker,PF,202344
Trevor Winter,C,1868
Trey Burke,PG,203504
Trey Gilder,SF,201821
Trey Johnson,SG,201234
Trey Lyles,PF,1626168
Trey McKinney-Jones,SG,203590
Trey Murphy III,SF,-1
Trey Thompkins,C,202717
Tristan Thompson,"C, PF",202684
Troy Bell,PG,2559
Troy Brown Jr.,SF,1628972
Troy Caupain,PG,1628505
Troy Daniels,SG,203584
Troy Hudson,PG,1607
Troy Murphy,PF,2211
Troy Williams,SF,1627786
Ty Jerome,SG,1629660
Ty Lawson,PG,201951
Ty-Shon Alexander,SG,-1
Tyler Bey,SF,-1
Tyler Cavanaugh,PF,1628463
Tyler Cook,"PF, PF-SF, SF, SF-PF",1629076
Tyler Davis,C,1629093
Tyler Dorsey,SG,1628416
Tyler Ennis,PG,203898
Tyler Hall,SG,-1
Tyler Hansbrough,PF,201946
Tyler Herro,SG,1629639
Tyler Honeycutt,SF,202715
Tyler Johnson,"PG, PG-SG, SG",204020
Tyler Lydon,PF,1628399
Tyler Ulis,PG,1627755
Tyler Zeller,C,203092
Tyreke Evans,"PG, SF, SG",201936
Tyrell Terry,PG,-1
Tyrese Haliburton,"PG, SG, SG-PG",-1
Tyrese Maxey,"PG, SG",-1
Tyrone Corbin,SF,895
Tyrone Hill,PF,238
Tyrone Nesby,"SF, SF-SG, SG",1838
Tyrone Wallace,"PG, SG",1627820
Tyronn Lue,PG,1731
Tyrus Thomas,"C, PF, PF-C",200748
Tyshawn Taylor,PG,203116
Tyson Chandler,"C, PF",2199
Tyson Wheeler,PG,1755
Tyus Edney,PG,721
Tyus Jones,PG,1626145
Udoka Azubuike,C,-1
Udonis Haslem,"C, PF",2617
Uroš Slokar,C,101166
Usman Garuba,PF,-1
Vander Blue,SG,203505
Vassilis Spanoulis,SG,2779
Vernon Carey Jr.,C,-1
Vernon Macklin,C,202731
Vernon Maxwell,"PG, SG",137
Viacheslav Kravtsov,C,203139
Vic Law,PF,1629724
Victor Alexander,C,2349
Victor Claver,SF,201964
Victor Oladipo,"PG, SG",203506
Viktor Khryapa,"PF, SF",2751
Vin Baker,"C, PF, PF-C",452
Vince Carter,"PF, SF, SF-SG, SG",1713
Vince Edwards,SF,-1
Vince Hunter,PF,-1
Vincent Poirier,C,1629738
Vincent Yarbrough,SG,2428
Vinny Del Negro,"PG, SG",219
Vit Krejci,SG,-1
Vitaly Potapenko,C,958
Vlade Divac*,C,124
Vladimir Radmanović,"PF, SF",2209
Vladimir Stepania,C,1735
Vlatko Čančar,PF,1628427
Von Wafer,"SF, SG",101144
Vonteego Cummings,PG,1907
Voshon Lenard,SG,702
Vítor Luiz Faverani,C,-1
Wade Baldwin,PG,-1
Walker Russell,PG,78048
Wally Szczerbiak,SF,1887
Walt Lemon Jr.,PG,-1
Walt Williams,SF,1005
Walter Herrmann,"PF, SF",200835
Walter McCarty,"PF, SF",962
Walter Sharpe,PF,201594
Wang Zhizhi,C,-1
Wayne Ellington,SG,201961
Wayne Selden,SG,1627782
Wayne Simien,PF,101134
Wayne Turner,PG,1943
Wendell Carter Jr.,C,1628976
Wenyen Gabriel,PF,1629117
Wes Iwundu,SF,1628411
Wesley Johnson,"SF, SG",202325
Wesley Matthews,"SF, SF-SG, SG",202083
Wesley Person,"SF, SG",445
Will Barton,"SF, SG",203115
Will Blalock,PG,200807
Will Bynum,"PG, SG",101198
Will Cherry,PG,203805
Will Conroy,"PG, PG-SG, SG",101215
Will Magnay,C,-1
Will Perdue,C,781
Will Solomon,"PG, SG",2226
William Avery,PG,1895
William Cunningham,C,1061
William Howard,PF,1629739
Willie Burton,SF,416
Willie Cauley-Stein,C,1626161
Willie Green,SG,2584
Willie Reed,C,203186
Willie Warren,PG,202378
Willy Hernangómez,C,1626195
Wilson Chandler,"PF, PF-SF, SF, SG",201163
Xavier Henry,"SF, SG",202333
Xavier McDaniel,SF,1365
Xavier Moon,SG,-1
Xavier Munford,SG,204098
Xavier Rathan-Mayes,SG,1628504
Xavier Silas,SG,202918
Xavier Sneed,SF,-1
Xavier Tillman Sr.,PF,-1
Yakhouba Diawara,"SF, SG",200821
Yante Maten,PF,1628999
Yao Ming*,C,2397
Yaroslav Korolev,SF,101117
Yi Jianlian,PF,201146
Yinka Dare,C,212
Yogi Ferrell,"PG, SG",1627812
Yuta Tabuse,PG,2657
Yuta Watanabe,SF,1629139
Yves Pons,SF,-1
Zabian Dowdell,PG,202220
Zach Collins,"C, PF",1628380
Zach LaVine,"PG, SF, SG",203897
Zach Lofton,SG,1629155
Zach Norvell,SG,-1
Zach Randolph,"C, PF, PF-C",2216
Zavier Simpson,PG,-1
Zaza Pachulia,C,2585
Zeke Nnaji,PF,-1
Zendon Hamilton,"C, PF",1985
Zhaire Smith,"SF, SG",1629015
Zhou Qi,"C, PF",1627753
Ziaire Williams,SF,-1
Zion Williamson,PF,1629627
Zoran Dragić,SG,204054
Zoran Planinić,"PG, SG",2565
Zydrunas Ilgauskas,C,980
Zylan Cheatham,"PF, SF",1629597
Álex Abrines,SG,203518
Ángel Delgado,C,1629116
Óscar Torres,SG,2351
Ömer Aşık,C,-1
Šarūnas Jasikevičius,"PG, SG, SG-PG",101180
Žan Tabak,C,440
Žarko Čabarkapa,PF,2560
Željko Rebrača,C,1442
